<?xml version='1.0' encoding='utf-8'?>

<!DOCTYPE hibernate-configuration PUBLIC
        "-//Hibernate/Hibernate Configuration DTD 3.0//EN"
        "http://www.hibernate.org/dtd/hibernate-configuration-3.0.dtd">

<hibernate-configuration>

	<session-factory>

		<!-- Database connection settings -->
		<property name="connection.driver_class">com.mysql.jdbc.Driver</property>
		<property name="connection.url">jdbc:mysql://localhost:3306/db_wittyoutfit</property>
		<property name="connection.username">root</property>
		<property name="connection.password"></property>

		<!-- SQL dialect -->
		<property name="dialect">org.hibernate.dialect.MySQLDialect</property>


		<!-- Echo all executed SQL to stdout -->
		<property name="show_sql">true</property>

		<!-- Drop and re-create the database schema on startup -->
		<property name="hbm2ddl.auto">update</property>

		<!-- Names the annotated entity class -->
		<mapping class="web.wittyoutfit.model.UserCredential" />
	    <mapping class="web.wittyoutfit.model.Users" />
	</session-factory>

</hibernate-configuration>


